image_name,part_0_x,part_0_y,part_1_x,part_1_y,part_2_x,part_2_y,part_3_x,part_3_y,part_4_x,part_4_y,part_5_x,part_5_y,part_6_x,part_6_y,part_7_x,part_7_y,part_8_x,part_8_y,part_9_x,part_9_y,part_10_x,part_10_y,part_11_x,part_11_y,part_12_x,part_12_y,part_13_x,part_13_y,part_14_x,part_14_y,part_15_x,part_15_y,part_16_x,part_16_y,part_17_x,part_17_y,part_18_x,part_18_y,part_19_x,part_19_y,part_20_x,part_20_y,part_21_x,part_21_y,part_22_x,part_22_y,part_23_x,part_23_y,part_24_x,part_24_y,part_25_x,part_25_y,part_26_x,part_26_y,part_27_x,part_27_y,part_28_x,part_28_y,part_29_x,part_29_y,part_30_x,part_30_y,part_31_x,part_31_y,part_32_x,part_32_y,part_33_x,part_33_y,part_34_x,part_34_y,part_35_x,part_35_y,part_36_x,part_36_y,part_37_x,part_37_y,part_38_x,part_38_y,part_39_x,part_39_y,part_40_x,part_40_y,part_41_x,part_41_y,part_42_x,part_42_y,part_43_x,part_43_y,part_44_x,part_44_y,part_45_x,part_45_y,part_46_x,part_46_y,part_47_x,part_47_y,part_48_x,part_48_y,part_49_x,part_49_y,part_50_x,part_50_y,part_51_x,part_51_y,part_52_x,part_52_y,part_53_x,part_53_y,part_54_x,part_54_y,part_55_x,part_55_y,part_56_x,part_56_y,part_57_x,part_57_y,part_58_x,part_58_y,part_59_x,part_59_y,part_60_x,part_60_y,part_61_x,part_61_y,part_62_x,part_62_y,part_63_x,part_63_y,part_64_x,part_64_y,part_65_x,part_65_y,part_66_x,part_66_y,part_67_x,part_67_y
0805personali01.jpg,27,83,27,98,29,113,33,127,39,139,49,150,60,159,73,166,87,168,100,166,111,160,120,151,128,141,133,128,137,116,138,102,138,89,44,70,53,66,63,65,73,66,82,70,103,72,111,69,120,68,128,69,135,73,92,82,92,91,92,100,92,109,82,117,86,119,91,120,95,119,99,118,55,82,62,78,70,79,76,84,69,86,61,85,106,86,111,81,119,81,125,85,120,88,112,88,71,137,78,131,85,127,90,129,94,129,99,134,103,142,97,144,92,145,88,145,83,144,77,141,75,137,85,134,89,135,93,136,100,141,93,135,89,135,84,134
1084239450_e76e00b7e7.jpg,70,236,71,257,75,278,82,299,90,320,100,340,111,359,126,375,149,379,175,376,197,364,218,346,236,322,249,296,254,266,256,237,256,207,65,210,69,197,80,193,93,196,106,201,143,196,160,185,179,180,198,182,212,193,127,212,126,230,126,248,125,266,113,279,122,283,132,285,143,281,154,277,81,224,87,216,98,215,110,222,99,225,88,227,159,216,170,207,181,206,192,212,183,215,171,216,110,314,117,310,126,308,135,309,147,307,164,306,184,307,167,317,152,321,139,323,130,322,120,318,114,313,127,312,136,313,148,311,179,308,149,312,137,314,128,312
10comm-decarlo.jpg,66,114,65,128,67,142,68,156,72,169,80,180,91,189,103,195,115,197,128,197,139,192,148,184,154,173,160,162,164,150,169,138,171,126,80,101,87,95,98,92,108,96,116,101,139,103,147,100,156,100,164,105,168,113,127,113,127,121,126,128,126,136,115,143,119,145,124,147,128,146,132,146,90,112,97,108,104,109,110,114,103,115,96,114,139,118,146,114,153,116,157,121,152,122,146,121,101,163,109,157,117,155,123,157,129,156,134,160,139,168,133,171,126,172,120,172,114,171,107,168,104,162,116,161,122,162,128,162,136,167,127,166,121,165,116,164
110276240_bec305da91.jpg,42,140,45,161,51,180,61,200,73,220,89,238,108,255,129,268,155,268,180,261,203,244,222,224,238,199,247,172,248,144,245,116,241,87,39,114,45,102,57,97,72,96,87,99,120,91,136,78,155,70,178,66,199,71,108,114,111,132,115,150,118,168,107,180,116,182,127,182,138,177,147,171,57,134,65,127,77,122,92,125,80,130,68,134,143,111,155,103,167,100,182,101,170,107,158,109,98,207,107,199,120,193,131,193,142,188,162,185,184,187,168,206,151,218,139,222,127,223,113,219,103,206,122,203,133,201,144,197,180,189,147,204,136,208,125,209
1198_0_861.jpg,138,392,141,427,145,464,152,501,166,536,186,567,214,594,249,614,290,616,329,608,363,589,390,562,411,529,421,491,425,450,425,409,423,370,162,345,178,330,200,326,224,328,246,335,282,331,308,320,336,313,365,314,387,329,269,362,271,386,272,409,274,433,249,459,263,460,277,462,290,459,304,458,190,372,204,365,220,364,236,373,220,377,204,377,312,368,328,356,346,354,361,361,348,368,330,369,228,514,246,502,264,495,278,499,292,495,315,502,341,511,318,530,297,538,281,539,266,537,248,529,239,513,265,507,278,509,293,507,331,511,294,516,279,518,265,516
137341995_e7c48e9a75.jpg,-4,129,1,178,10,231,30,276,59,314,98,349,135,375,171,398,205,402,242,387,284,358,327,327,366,290,390,240,398,185,394,126,391,66,10,77,23,45,52,23,92,14,130,21,180,13,209,-5,248,-6,284,2,317,19,157,67,158,93,160,121,161,150,129,184,152,188,176,190,197,182,216,170,47,102,65,81,91,78,123,91,95,100,69,105,211,72,232,54,258,48,283,58,263,70,237,74,119,265,134,240,156,224,178,226,199,216,237,224,271,238,249,289,218,311,194,316,170,318,144,303,130,265,161,244,182,241,204,238,260,241,210,281,188,286,166,286
1383023626_8a49e4879a.jpg,0,48,-6,94,-10,141,-8,186,6,228,26,265,49,299,78,325,110,334,140,328,166,303,191,276,218,248,245,219,265,187,278,152,287,114,55,64,84,58,113,61,141,70,164,85,216,90,236,79,258,75,278,75,291,84,185,113,182,145,180,176,176,208,127,198,145,210,164,221,185,214,200,203,80,96,101,99,119,101,135,107,116,107,98,104,214,112,233,110,249,111,263,112,248,117,232,116,70,216,104,222,135,226,152,231,168,228,185,225,201,225,180,263,158,282,140,286,121,283,93,264,78,221,132,232,149,235,165,233,194,230,163,263,145,268,128,265
144044282_87cf3ff76e.jpg,122,104,121,116,121,129,122,142,125,155,130,167,137,178,147,187,159,190,174,189,189,183,202,175,213,165,220,152,223,138,225,123,227,108,128,96,134,92,141,92,149,95,156,98,174,96,182,94,191,93,200,94,207,99,163,105,162,113,160,121,159,130,151,135,155,137,160,139,165,138,171,137,136,103,141,101,146,102,151,105,146,105,141,105,179,106,183,104,189,104,195,106,189,108,184,108,144,152,149,149,155,148,159,150,165,149,172,151,181,154,172,158,164,159,158,160,154,159,148,157,147,152,155,153,159,154,165,154,178,154,164,153,159,154,154,153
152601997_ec6429a43c.jpg,109,66,108,98,111,132,118,169,127,203,141,236,157,264,180,281,207,288,240,288,278,279,312,261,342,236,362,200,373,161,377,118,378,75,110,40,124,28,143,26,163,29,184,34,213,28,240,19,268,17,297,23,322,36,196,68,192,93,187,118,182,143,172,164,181,168,190,170,202,167,216,166,132,70,142,61,159,62,174,77,158,80,141,79,242,75,255,57,274,56,292,64,276,75,257,78,165,223,173,209,183,201,193,203,204,199,224,205,247,220,226,227,209,231,197,231,187,230,177,228,172,222,184,217,194,217,205,216,239,220,208,216,197,217,187,216
1549040388_b99e9fa295.jpg,149,89,139,123,136,159,139,195,146,234,156,274,168,310,184,343,214,360,256,361,303,347,350,326,393,298,423,259,439,212,448,163,453,112,144,39,154,23,173,19,194,22,212,33,261,33,291,22,324,22,356,34,380,55,227,74,219,105,210,135,200,167,187,181,197,190,210,197,229,193,248,190,160,72,172,62,190,64,206,79,188,79,171,78,285,83,302,70,322,71,343,83,323,87,303,86,174,222,182,219,197,221,212,227,231,226,264,232,301,241,264,262,232,269,211,267,194,261,181,245,182,225,196,232,212,237,231,238,292,243,232,251,212,248,196,242
1878519279_f905d4f34e.jpg,144,178,145,191,149,205,157,220,166,233,175,245,184,257,194,267,205,270,221,267,238,257,257,245,271,229,281,210,284,189,283,167,281,144,142,150,145,143,152,142,159,144,167,148,184,145,196,137,210,132,224,132,239,137,177,163,177,174,176,185,175,196,172,207,177,209,183,209,190,206,198,203,150,168,154,160,162,159,170,166,163,170,155,171,202,160,207,149,216,148,226,152,219,158,209,161,177,238,176,227,180,221,186,221,191,219,204,222,218,228,210,238,199,243,193,245,187,246,182,244,180,236,183,228,188,227,193,226,213,228,196,234,190,235,185,236
2046713398_91aaa6fe1c.jpg,67,201,69,233,74,264,81,294,93,322,112,347,138,365,169,375,199,377,224,370,243,352,256,330,264,306,271,281,277,257,282,232,281,208,107,177,124,164,147,158,170,162,191,172,230,175,244,167,260,161,276,164,286,176,209,197,211,217,213,237,216,257,189,270,199,275,210,278,220,274,227,269,130,199,144,190,160,190,173,203,158,206,142,206,228,204,242,191,257,191,267,201,258,208,243,207,160,310,181,303,198,298,208,301,217,298,228,302,238,306,227,318,217,324,207,325,195,325,179,321,167,310,197,310,208,311,217,309,231,307,216,309,207,311,197,310
2173711035_dbd53b4f9f.jpg,28,127,29,172,34,214,42,255,58,292,82,326,110,355,140,378,173,382,203,373,227,350,250,324,272,297,288,264,301,229,313,192,320,153,66,145,93,132,125,134,155,142,182,154,221,155,246,146,271,141,295,140,312,152,199,179,198,211,198,245,198,277,158,275,174,283,191,291,208,285,221,277,98,173,118,170,138,170,155,179,136,182,116,182,230,180,250,173,268,173,282,176,268,185,250,184,124,302,149,302,171,302,185,306,200,302,213,303,228,300,211,319,197,332,181,336,166,335,145,324,133,305,169,312,184,315,199,312,221,304,198,311,183,315,168,313
2210514040_6b03ff2629.jpg,265,271,264,276,264,281,263,287,263,292,264,296,267,300,270,304,275,306,280,306,286,305,292,303,297,300,301,296,304,292,307,287,310,281,269,270,272,268,276,268,279,269,282,271,291,273,295,272,299,273,303,274,306,276,286,275,284,278,283,282,282,285,278,286,279,287,281,288,283,288,285,288,271,274,274,274,277,274,279,276,276,276,273,275,292,277,295,277,298,277,300,279,298,279,295,278,271,292,274,291,277,291,279,292,282,292,285,294,287,296,284,298,280,299,277,298,275,298,273,295,272,292,277,293,279,294,281,294,286,296,281,295,278,295,276,294
2322901504_08122b01ba.jpg,195,202,191,219,187,236,191,254,198,272,207,290,214,308,222,326,238,335,262,335,291,327,319,317,344,303,362,281,368,254,370,226,370,200,192,167,195,159,203,160,211,165,219,173,243,171,261,163,280,160,300,166,316,177,229,189,224,203,217,216,211,230,206,241,213,246,222,250,232,247,244,245,201,189,206,182,216,183,225,193,215,194,205,194,259,196,270,186,283,187,296,196,283,200,271,199,207,266,208,262,216,260,224,263,233,262,254,266,281,271,257,287,237,292,228,291,219,289,211,280,212,267,218,268,225,269,234,269,273,272,235,279,226,277,219,274
2327253037_66a61ea6fe.jpg,118,198,123,225,130,253,140,279,156,304,178,324,204,338,231,345,257,341,276,331,292,311,303,290,313,267,320,244,321,222,317,202,313,182,150,177,162,162,182,152,203,149,222,155,248,147,261,139,276,138,289,145,295,157,238,168,243,186,247,203,252,221,219,234,232,238,246,242,259,236,269,230,174,185,185,180,196,178,207,180,199,182,188,184,257,175,266,171,275,171,285,175,276,176,267,176,190,260,211,256,233,254,247,256,259,252,274,253,288,255,275,273,262,284,248,286,235,285,212,278,196,261,233,260,247,260,259,258,282,257,261,274,247,278,234,276
2328398005_d328a70b4c.jpg,13,183,8,224,6,267,11,308,31,343,61,372,96,393,134,408,169,414,196,408,213,387,228,365,242,340,255,314,264,287,269,262,270,236,98,160,124,152,152,152,179,158,202,172,234,188,248,183,264,182,276,185,282,196,214,206,216,228,218,251,221,275,175,286,189,293,203,299,215,298,224,291,121,192,139,188,154,190,166,204,150,204,135,201,225,216,241,209,254,211,261,223,252,226,238,222,131,327,162,326,185,326,194,331,202,329,209,333,213,338,204,349,196,352,187,352,177,351,157,345,139,330,182,335,192,337,199,337,208,338,199,339,191,338,181,337
2370961440_6bc8ce346c.jpg,66,132,68,160,72,187,82,214,99,234,124,247,152,254,178,259,203,260,222,255,234,241,245,225,251,206,256,186,256,166,252,146,245,127,108,95,123,84,142,78,162,78,181,85,203,89,215,87,228,89,237,93,244,102,196,109,199,119,204,129,208,140,182,161,192,164,202,165,209,164,216,161,130,113,142,106,153,106,164,114,153,115,141,115,207,118,217,112,227,114,233,122,226,122,216,120,167,199,186,190,199,184,205,186,211,184,219,189,225,198,219,204,212,205,206,206,199,206,186,205,173,199,199,195,205,194,210,194,221,197,211,195,206,195,200,195
2382SJ8.jpg,50,100,49,112,50,124,52,137,56,149,63,159,71,169,82,175,95,178,109,177,121,171,131,164,138,154,144,143,147,130,149,118,150,105,58,94,64,86,74,83,84,84,94,86,108,86,118,84,128,84,136,88,142,96,100,96,99,103,98,109,98,116,83,121,90,123,97,125,105,124,112,124,66,99,73,96,79,96,85,99,79,99,73,99,115,101,121,97,127,97,132,101,127,101,121,101,73,141,80,133,90,130,97,132,105,131,114,136,122,145,113,152,104,155,96,155,88,153,79,149,76,140,89,136,97,136,104,137,118,144,104,147,96,147,89,146
252418361_440b75751b.jpg,265,146,263,166,266,188,273,211,282,233,293,252,305,272,318,287,340,291,367,288,399,277,430,261,455,237,472,207,476,172,472,134,468,99,257,114,259,105,266,100,277,99,288,102,308,94,329,84,352,78,376,81,398,91,300,117,297,135,293,153,289,171,289,189,297,193,307,194,317,188,329,184,272,129,277,120,287,117,297,124,288,129,278,131,341,114,348,103,361,100,375,105,364,112,352,114,300,232,298,226,305,222,314,223,324,219,344,219,368,220,350,231,333,240,322,242,313,243,304,239,302,231,308,229,316,229,327,227,361,221,328,227,318,229,309,228
262007783_943bbcf613.jpg,123,137,128,176,137,215,150,250,171,278,200,302,230,318,262,329,289,326,307,315,320,291,330,268,341,244,352,220,360,195,363,169,361,145,177,107,197,89,224,82,252,84,278,95,326,99,338,91,351,88,363,89,367,99,305,131,310,159,317,187,324,215,283,225,297,229,310,233,321,229,328,221,212,134,227,121,246,121,260,135,246,140,227,140,315,134,328,119,344,119,351,130,344,137,329,137,247,258,271,253,292,250,302,252,311,248,317,248,321,250,317,260,312,269,302,273,289,273,270,269,255,258,291,259,301,260,311,256,316,252,312,254,302,258,292,258
2633371780_45b740b670.jpg,101,174,117,201,137,226,159,248,186,268,213,285,236,301,261,312,287,307,313,288,335,260,353,228,365,192,368,153,358,113,345,73,328,35,83,144,86,130,100,122,117,118,138,117,159,99,178,80,200,66,226,57,255,58,163,134,172,163,180,192,189,221,180,228,194,232,210,232,223,220,235,208,112,157,118,147,131,141,147,143,136,151,124,157,205,116,212,103,226,95,245,92,234,103,220,111,204,260,208,257,216,252,227,251,236,242,257,233,281,222,272,247,258,263,248,270,236,273,222,270,209,260,221,257,232,255,242,249,276,227,248,250,238,256,227,257
2647088981_60e9fe40cd.jpg,93,213,99,226,106,238,113,250,124,260,138,266,153,268,169,269,183,266,192,261,197,252,201,242,201,229,199,216,196,204,192,192,188,182,107,201,112,192,122,186,133,184,144,185,155,181,161,175,168,171,177,171,182,176,153,190,158,197,162,204,167,211,156,223,162,222,168,222,171,219,174,216,122,202,126,197,132,195,138,197,134,200,128,202,163,189,166,183,172,181,176,183,174,186,169,188,151,247,158,239,165,234,170,233,173,231,179,230,184,233,182,235,178,237,175,239,170,241,162,244,153,245,166,237,171,236,175,234,182,233,176,234,172,236,168,238
2711409561_a0786a3d3d.jpg,179,159,180,186,182,211,185,238,191,264,202,285,217,306,233,325,256,332,283,331,309,318,331,302,351,281,367,255,377,225,381,194,383,161,180,143,188,131,206,132,222,139,238,150,274,152,294,145,314,141,336,144,352,154,258,174,258,196,258,217,257,238,237,241,247,248,258,253,270,250,281,245,198,164,208,157,224,160,235,173,221,176,206,174,291,177,303,167,317,167,330,174,318,180,304,180,222,276,234,273,246,273,257,276,270,273,283,273,298,278,283,291,268,298,256,299,243,297,231,290,227,277,246,280,257,281,269,280,291,279,269,285,257,287,245,285
2722779845_7fcb64a096.jpg,71,128,63,151,58,173,56,196,57,218,63,240,74,257,90,270,111,280,135,287,161,288,187,286,208,277,224,262,238,244,249,224,259,203,89,107,103,95,123,93,142,99,158,111,181,119,205,120,228,127,245,141,251,164,162,140,156,149,149,158,142,168,122,184,129,189,136,194,146,197,156,200,101,129,114,123,129,126,138,141,124,141,110,137,185,159,202,152,216,158,224,173,212,173,197,167,95,215,109,210,121,210,128,216,137,217,149,228,163,244,143,244,129,240,120,236,111,232,103,225,101,216,118,219,126,223,135,226,156,240,133,228,124,225,116,221
2795838930_0cc5aa5f41.jpg,234,92,228,107,222,122,218,139,218,154,222,169,229,182,238,193,253,201,269,206,287,204,302,199,315,191,325,181,334,169,341,156,347,143,250,87,260,82,271,83,282,88,290,98,302,104,315,105,328,108,339,117,342,129,292,112,287,123,283,132,278,143,261,144,267,149,273,154,281,155,289,156,256,101,263,101,270,104,274,110,267,108,260,105,307,124,315,123,322,127,327,132,320,131,313,128,243,155,254,157,263,159,269,163,276,165,284,171,293,176,280,177,269,176,262,173,256,169,249,163,246,157,261,164,267,168,274,170,290,176,272,170,265,168,259,164
2902323565_100017b63c.jpg,79,219,77,246,78,273,82,300,88,325,99,350,114,372,132,388,155,394,177,391,195,377,211,359,225,339,236,317,244,294,249,270,252,245,97,207,109,195,126,192,143,195,159,204,187,208,203,204,220,205,235,212,242,228,170,229,168,249,166,267,165,287,143,296,152,300,162,305,172,303,181,300,112,225,123,218,135,221,145,233,133,234,120,232,189,239,201,230,213,231,222,241,213,244,200,243,123,322,136,320,151,320,161,323,171,321,184,322,195,324,184,341,171,350,160,351,149,349,135,339,128,324,150,328,160,330,170,328,190,325,171,334,161,336,151,334
2902760364_89c50bde40.jpg,69,235,72,263,78,290,84,316,95,340,112,360,132,378,151,394,172,398,193,393,214,377,235,359,253,338,264,313,269,284,272,255,274,224,80,235,95,225,114,225,133,230,152,237,188,235,206,226,224,220,243,218,259,226,169,256,169,274,168,293,168,312,150,318,159,321,169,324,178,321,187,317,106,250,118,242,134,243,145,257,132,260,116,259,195,255,206,240,222,238,235,245,225,255,209,257,132,340,147,341,160,340,168,342,176,339,190,341,206,339,190,353,177,360,168,361,159,360,147,354,139,343,160,347,168,348,177,347,199,342,177,347,168,349,160,347
2956581526_cd803f2daa.jpg,79,65,77,81,78,96,80,111,83,126,88,139,97,150,109,159,122,162,138,162,156,158,172,150,183,139,190,124,194,108,198,92,201,74,83,52,89,45,99,43,109,45,119,51,144,52,155,49,168,48,179,52,187,60,130,66,129,77,127,89,125,100,116,105,120,108,126,110,132,109,139,107,94,63,101,59,109,61,116,68,108,68,99,66,149,70,157,64,165,64,172,70,165,71,156,71,105,120,114,120,120,119,126,121,132,121,140,123,151,126,139,130,130,131,124,130,118,129,112,127,109,122,120,124,126,125,131,126,147,126,131,125,125,124,119,123
297448785_b2dda4b2c0.jpg,25,194,27,239,34,283,44,326,61,368,83,407,109,441,143,466,176,477,210,473,243,453,271,422,295,387,316,347,332,304,345,259,350,215,53,139,71,113,101,102,134,103,165,112,228,114,259,107,290,109,317,122,332,148,194,160,192,181,190,202,187,223,161,256,173,262,185,265,200,265,213,263,89,170,107,156,133,156,153,174,132,179,106,179,234,178,254,162,280,165,298,183,280,190,255,187,141,353,147,316,169,300,180,305,195,305,215,329,222,372,211,391,192,403,176,403,161,398,144,379,151,351,168,323,179,325,193,328,211,367,192,378,178,377,165,373
299733036_fff5ea6f8e.jpg,122,149,121,163,119,177,119,192,124,205,134,216,146,226,158,233,172,237,182,236,189,229,194,219,198,210,202,200,206,191,209,182,211,174,149,144,159,140,169,140,179,143,187,149,199,153,205,152,211,152,216,155,217,161,191,161,192,169,193,176,194,183,178,188,182,191,187,193,190,193,193,192,157,155,163,153,169,155,173,160,168,160,162,158,194,167,200,164,205,166,207,170,204,171,198,170,163,204,172,199,180,199,184,201,188,201,190,206,190,213,187,214,184,214,180,213,175,211,169,208,166,204,179,204,183,206,186,207,188,211,186,207,182,206,178,204
303808204_1f744bc407.jpg,167,137,170,168,176,199,182,230,192,260,210,284,233,304,260,320,291,323,321,315,344,295,363,272,377,245,383,215,386,185,389,155,390,126,187,130,204,118,226,115,249,116,270,123,292,121,312,115,334,112,356,114,373,126,282,148,283,167,284,186,286,205,263,221,274,224,287,226,298,222,308,218,213,147,226,141,241,142,253,153,240,155,224,155,311,151,323,140,338,138,351,144,340,152,325,153,248,259,263,249,276,244,287,247,298,243,312,246,326,253,314,262,301,268,289,270,278,269,264,267,255,258,277,255,288,256,299,253,319,252,300,254,288,257,277,256
3074791551_baee7fa0c1.jpg,187,160,186,179,188,198,193,216,200,232,210,248,221,261,233,271,247,275,263,275,278,266,291,254,303,239,312,222,320,205,326,187,329,168,196,147,208,142,221,143,234,148,246,156,277,158,289,152,302,149,315,151,324,158,258,169,256,185,254,200,253,216,238,219,245,222,252,226,260,223,268,221,209,163,218,159,229,160,238,169,227,170,216,169,280,172,290,165,301,165,309,170,301,175,290,175,224,237,234,236,244,235,251,238,258,236,267,238,278,241,267,250,257,253,250,253,242,252,233,247,229,238,243,240,250,242,258,241,273,242,258,241,250,242,243,240
3152653555_68322314f3.jpg,88,63,84,83,82,103,82,124,85,144,94,162,106,178,118,192,133,197,146,197,159,187,171,175,182,163,193,150,202,136,210,122,216,106,112,62,126,58,141,58,155,63,167,72,186,78,197,76,207,76,216,79,219,88,173,91,171,104,169,117,166,130,148,131,154,136,159,140,165,140,169,139,126,81,136,79,145,81,150,89,143,89,133,87,182,98,192,95,201,97,205,102,199,105,191,103,118,143,133,145,147,146,152,149,159,150,166,154,171,158,160,167,151,169,143,168,137,166,127,157,123,145,144,150,150,153,156,154,166,158,154,161,147,160,141,157
3264867945_fe18d442c1.jpg,194,167,194,185,195,204,199,222,206,239,216,255,228,269,243,278,259,279,275,276,289,267,301,254,311,238,317,222,320,204,320,186,319,169,201,148,207,135,219,129,234,129,247,134,266,134,278,129,292,129,304,135,310,147,257,152,257,161,257,170,257,179,246,197,252,198,257,199,262,198,268,197,216,157,222,151,232,150,241,158,232,160,222,161,272,158,279,151,289,151,296,158,289,161,280,160,236,235,242,225,251,219,257,222,261,220,271,225,277,235,271,246,263,251,257,251,251,251,242,246,241,234,251,228,257,228,261,228,273,234,262,239,257,240,251,239
3273658251_b95f65c244.jpg,220,85,221,110,224,135,229,159,237,182,251,202,270,219,290,234,315,238,339,235,356,222,371,204,384,183,391,161,396,137,399,113,399,89,238,72,250,59,269,54,287,55,305,60,325,60,342,54,360,53,377,59,388,72,315,81,316,96,316,112,317,128,296,140,306,142,316,145,327,142,336,140,258,86,268,80,279,80,289,87,278,89,267,89,339,87,349,80,360,80,370,86,361,90,350,89,281,176,293,167,306,162,316,165,326,162,338,168,349,177,338,187,327,192,316,192,306,191,294,186,288,177,306,175,316,176,326,175,343,177,326,174,316,175,306,174
3298715079_5af7c78fcb.jpg,194,112,187,128,182,146,181,165,182,183,187,203,193,220,202,235,218,243,240,244,269,241,297,233,321,220,337,201,345,176,349,150,352,125,193,86,197,80,204,79,211,80,218,84,236,84,251,80,269,80,286,86,300,96,222,102,216,113,209,124,202,135,198,152,204,155,210,158,219,157,229,156,197,109,201,101,209,101,217,107,209,109,201,110,250,109,258,102,268,103,280,109,268,111,258,111,197,185,199,178,204,173,210,175,216,174,230,181,249,190,230,196,217,198,210,198,204,196,199,192,200,185,205,184,210,184,217,184,242,189,217,186,210,185,205,185
3325611505_ddc7beffa1.jpg,134,118,135,133,137,149,139,164,144,178,152,191,161,202,172,211,185,214,197,212,207,204,215,192,224,179,229,165,233,150,235,135,236,120,142,119,149,112,159,110,168,113,178,117,195,118,204,113,214,110,224,112,229,120,186,131,186,142,186,153,187,164,176,169,181,170,186,172,191,171,196,169,153,129,159,125,167,126,173,132,166,135,158,134,198,133,204,127,212,125,218,130,213,134,205,135,168,186,175,184,181,182,186,184,190,182,196,184,202,186,196,192,191,194,186,195,180,194,174,191,171,186,180,187,185,188,190,187,199,187,191,187,186,188,181,187
3362762930_24f76cb89c.jpg,106,142,114,175,123,209,135,240,153,268,176,291,203,310,232,319,260,318,285,307,307,290,325,270,340,245,350,217,353,186,353,155,351,124,131,123,148,110,170,107,195,109,219,116,268,116,286,105,305,95,325,93,342,102,243,134,247,155,250,176,254,198,224,209,239,210,255,213,268,206,281,199,160,146,174,136,191,134,207,143,192,148,175,149,274,135,285,121,301,118,317,124,305,131,289,134,192,239,216,233,240,227,256,227,269,221,290,220,311,221,294,248,275,262,259,268,243,268,218,261,200,240,241,237,257,237,270,232,304,225,272,248,258,252,242,253
343583208_e986824d77.jpg,-8,339,2,368,14,398,31,424,55,442,86,452,118,457,151,458,179,451,199,438,209,419,217,398,220,374,219,351,217,327,209,302,197,280,21,294,34,275,55,263,79,260,103,263,138,257,150,246,164,241,178,240,188,249,128,283,136,297,144,309,153,322,128,349,141,348,154,346,163,342,171,336,54,304,66,291,81,287,98,296,85,303,68,307,147,284,156,269,169,266,180,273,173,281,160,283,120,402,136,383,152,370,164,370,173,364,186,366,195,377,193,390,185,399,175,403,163,407,144,407,129,399,154,385,165,382,175,378,189,377,180,381,170,385,159,387
3461016494_56cce9c984.jpg,100,187,102,204,106,221,112,236,119,250,129,263,140,272,154,279,169,280,184,276,196,266,207,253,215,238,221,222,223,205,224,187,224,169,108,178,116,170,127,169,138,170,149,172,171,167,182,161,193,156,205,156,214,161,163,183,164,195,165,207,166,220,153,225,160,227,166,229,174,226,180,222,122,192,130,189,138,188,146,189,139,192,131,193,181,184,189,181,197,179,204,179,198,184,190,185,144,245,154,242,161,239,166,241,172,238,179,239,188,240,180,247,174,252,167,253,161,253,154,251,148,245,161,245,167,245,173,244,184,241,173,242,166,244,161,244
348272697_832ce65324.jpg,127,222,127,246,128,269,130,292,136,315,151,333,172,345,198,352,226,356,252,354,274,346,290,332,299,314,304,294,306,274,309,254,310,235,156,197,169,182,189,176,210,176,229,182,251,184,268,183,284,186,298,195,304,210,241,195,241,206,242,217,243,229,219,250,228,252,237,255,246,254,254,253,176,202,187,195,199,195,209,203,198,203,187,203,258,207,269,202,280,204,288,213,279,212,268,210,191,287,209,279,224,276,233,279,242,278,253,285,263,296,250,297,239,296,230,295,220,294,206,291,197,287,223,284,232,286,241,286,258,294,240,287,231,287,222,285
3534188114_2108895291.jpg,189,153,188,170,189,187,192,203,199,218,210,231,224,241,237,250,251,253,264,251,274,241,282,230,289,219,295,207,300,194,303,180,303,167,213,143,222,136,234,135,246,139,256,145,274,146,282,143,290,142,297,144,300,152,265,156,265,165,266,174,267,184,249,188,256,191,262,194,267,193,271,192,224,154,230,151,237,152,243,157,236,158,229,157,273,161,280,157,287,158,291,162,286,164,280,163,225,204,238,201,249,201,257,204,264,203,271,205,276,210,269,219,261,222,254,222,245,220,235,214,229,204,248,205,256,207,263,207,273,210,262,216,255,217,247,215
3534189272_8ef88ba368.jpg,212,152,210,165,210,178,211,192,214,205,218,218,226,229,235,237,248,241,262,241,275,237,287,230,296,220,304,208,309,195,313,182,315,168,219,138,225,132,233,129,242,131,249,137,270,136,279,133,289,134,298,139,303,147,257,147,255,156,254,166,252,175,242,180,246,184,252,186,258,184,265,182,227,149,232,144,239,145,246,150,239,150,232,150,273,153,280,149,287,150,292,155,286,155,279,154,230,194,239,194,247,194,252,195,258,194,268,196,278,199,268,207,258,210,251,210,245,209,238,205,234,196,246,197,252,198,258,198,275,199,258,205,252,205,246,204
3555944509_7b477069c6.jpg,27,131,27,166,31,200,36,233,48,263,66,290,88,313,116,331,147,337,181,336,211,321,233,296,254,267,269,234,278,199,287,162,292,122,43,98,60,86,84,84,107,89,128,98,180,97,206,86,233,81,260,85,279,101,153,129,152,157,151,184,150,211,124,219,136,226,150,232,165,228,179,223,70,127,86,119,104,120,119,133,101,135,84,135,192,134,210,120,229,119,245,129,231,137,211,137,105,259,123,254,140,253,151,259,164,256,184,261,205,268,184,283,163,288,149,287,136,283,121,272,112,260,139,265,151,269,164,269,197,268,163,273,150,272,138,267
3574737496_6ee8207045.jpg,186,149,184,166,183,184,185,201,192,217,204,230,217,240,232,248,247,250,261,248,271,240,279,229,287,218,293,206,296,192,297,178,297,165,206,138,217,130,230,130,242,133,254,139,269,140,278,138,287,137,296,141,298,150,262,152,262,161,264,169,265,178,245,184,252,186,259,189,266,188,271,187,222,150,229,147,236,148,241,153,235,153,228,152,269,157,276,154,282,155,286,159,282,160,275,159,226,201,238,199,250,198,256,201,262,200,269,203,273,207,266,219,258,223,252,222,245,220,235,213,229,202,249,202,255,204,261,204,270,208,260,213,254,214,247,212
362167809_d5a5dcbfdb.jpg,111,150,116,170,121,190,129,209,142,225,160,237,183,244,207,245,228,242,244,235,254,221,260,205,263,187,263,170,261,153,258,137,254,121,134,125,144,114,158,106,174,105,189,107,210,103,220,97,232,94,242,96,248,105,204,121,208,132,213,142,217,153,199,170,207,171,216,172,221,168,226,164,153,136,160,128,170,126,180,131,171,135,161,137,216,124,222,116,231,114,238,119,233,124,224,125,186,202,200,196,211,190,218,191,222,187,229,188,237,189,232,196,227,200,221,202,215,204,202,204,191,201,212,197,219,196,223,194,233,190,225,193,220,196,213,197
363149951_8be04dc6c0.jpg,88,160,90,181,92,201,94,222,99,241,110,257,124,271,141,282,160,285,178,282,194,272,208,259,219,243,224,224,226,204,230,185,233,165,99,152,108,143,121,139,135,140,148,145,174,147,187,143,201,143,214,147,222,157,160,159,160,170,160,181,160,192,143,203,151,205,159,208,168,206,175,204,114,160,122,155,132,155,141,162,132,163,122,163,179,163,188,157,198,157,206,163,198,165,188,164,125,226,137,222,149,221,158,223,168,222,181,224,192,230,181,243,168,247,158,248,148,246,136,240,130,226,149,226,158,227,168,227,188,230,168,239,159,240,149,238
3638950581_3387685d3a.jpg,164,135,160,150,158,165,162,180,168,195,173,209,176,225,179,242,190,249,208,251,228,246,248,236,268,222,282,205,292,183,297,159,300,135,162,112,164,105,169,104,176,107,181,112,203,111,217,106,233,104,249,108,261,118,190,127,185,141,179,154,174,167,171,173,176,178,183,181,192,178,202,176,168,127,172,122,181,122,187,129,179,130,172,129,217,131,225,124,234,124,243,130,234,132,225,132,175,189,175,188,181,189,187,192,195,191,212,193,233,195,214,210,197,216,188,216,181,213,176,203,177,191,181,194,187,196,195,196,229,196,196,207,188,207,182,203
3646828311_bfeb429ef7.jpg,103,188,107,205,113,223,120,240,131,253,147,265,163,275,179,283,195,283,210,276,221,262,232,249,242,233,248,216,249,198,248,179,246,159,108,174,115,166,126,162,139,162,151,164,181,160,191,152,203,146,216,144,230,149,170,178,172,193,175,208,178,224,163,230,172,231,181,232,189,228,196,224,125,185,132,180,141,179,151,183,143,185,133,187,190,176,198,168,207,165,217,167,210,172,200,174,152,241,163,242,173,241,182,242,190,239,202,236,214,232,206,246,195,255,186,257,177,257,165,253,156,243,174,244,183,244,192,242,210,235,193,246,185,249,175,249
3689162471_5f9ffb5aa0.jpg,237,83,235,94,233,106,233,118,235,129,240,140,246,150,254,158,263,162,272,162,281,156,289,149,296,142,301,133,305,124,309,115,312,105,250,85,257,84,264,86,270,89,276,93,291,96,298,95,304,95,309,96,312,101,282,101,280,109,278,117,277,124,267,125,270,127,274,130,278,129,281,128,256,94,261,92,266,94,269,98,264,98,259,97,289,103,294,101,299,102,302,105,298,106,293,105,258,133,263,136,269,137,272,138,276,138,280,139,283,140,278,144,274,145,270,145,266,144,261,140,260,135,268,139,271,140,275,140,281,141,275,140,271,140,267,139
3718903026_c1bf5dfcf8.jpg,125,220,124,245,123,269,125,295,134,318,151,337,169,354,189,368,213,373,238,369,259,355,277,340,294,323,305,302,310,278,312,255,315,231,146,206,156,195,171,190,187,193,201,201,247,203,262,196,278,195,293,201,301,214,223,223,222,241,221,259,220,277,195,275,206,281,219,288,232,283,242,278,164,225,176,225,185,225,195,226,185,226,175,226,249,228,260,229,270,229,280,230,270,230,260,229,163,293,182,291,201,294,216,298,233,296,251,295,268,298,251,323,231,332,214,333,198,331,179,320,168,295,201,298,216,301,232,300,263,300,232,323,215,324,199,320
3790616528_297c0ac935.jpg,51,192,52,216,54,240,59,263,70,285,87,301,108,314,130,323,150,325,169,321,185,309,201,294,211,276,217,255,220,233,220,212,221,193,77,182,91,173,108,171,125,175,142,180,164,182,179,178,192,174,207,176,215,186,154,191,156,203,158,216,160,228,135,240,145,242,154,244,163,242,170,240,96,191,106,189,116,188,125,194,116,195,106,194,172,195,182,190,192,190,200,194,192,197,182,197,113,270,128,264,141,261,150,263,160,261,170,266,181,272,170,277,159,279,150,279,140,277,129,275,119,269,141,268,150,269,160,269,176,272,159,270,150,270,141,269
3855944735_e252959937.jpg,21,260,25,288,29,315,39,339,55,358,75,371,102,379,131,377,161,374,187,370,205,362,218,346,224,326,229,304,229,282,225,262,220,244,63,205,77,186,97,173,120,170,139,178,169,179,184,172,200,173,214,181,222,196,155,193,159,204,163,215,166,226,136,253,148,254,161,256,172,253,182,250,85,217,98,208,110,204,123,209,111,212,99,214,176,205,190,202,200,202,207,209,198,207,189,206,111,306,128,284,149,277,163,278,175,275,189,280,198,298,189,309,176,314,164,316,149,316,130,315,118,303,149,284,164,283,175,282,193,297,175,305,164,306,149,307
3856149136_d4595ffdd4.jpg,74,161,79,191,88,219,95,247,102,275,117,300,137,321,162,338,189,343,216,338,238,321,255,299,268,273,274,244,280,215,285,185,287,156,92,155,106,141,125,137,146,138,167,141,193,141,215,138,236,136,256,140,270,152,182,159,183,178,185,197,186,217,162,231,174,234,186,237,197,234,208,230,114,162,125,155,138,155,151,164,138,164,125,165,212,163,224,154,237,155,250,161,238,164,225,163,144,270,160,263,175,258,185,261,195,258,211,263,227,268,212,281,197,287,186,289,175,287,160,281,151,271,175,269,185,270,196,269,221,269,196,271,185,273,175,271
3872768751_e60d7fdbd5.jpg,268,110,271,124,277,136,283,148,290,160,301,170,314,176,328,180,341,179,353,174,362,165,371,155,377,142,378,128,378,114,377,101,376,88,279,96,285,89,294,84,305,82,314,84,330,81,337,75,346,72,355,72,364,75,324,94,326,102,328,110,330,118,321,129,327,130,332,130,337,127,341,123,292,104,297,100,304,98,311,101,305,104,298,105,338,95,343,90,349,89,355,91,350,94,344,95,311,147,321,144,329,142,334,142,339,140,347,139,356,137,349,146,343,151,337,153,332,154,323,152,314,147,329,145,335,145,340,143,353,139,341,146,336,148,330,149
529447797_0f9d2fb756.jpg,78,173,81,219,89,266,105,312,128,353,153,392,180,427,210,451,247,457,282,452,311,431,340,398,366,360,386,318,401,272,408,223,410,177,102,163,123,138,155,133,188,141,218,156,260,153,293,139,327,132,361,140,384,164,240,188,241,225,242,263,242,300,209,307,224,314,241,321,258,315,274,308,138,185,157,172,183,174,202,194,180,199,155,198,281,193,302,172,327,171,346,184,330,197,305,198,185,353,205,348,226,345,240,350,255,346,279,351,299,357,280,389,258,408,242,410,226,406,207,387,193,357,226,356,240,359,256,357,291,361,257,383,241,387,226,382
57635685_d41c98f8ca.jpg,86,118,87,153,87,189,93,225,113,253,141,273,173,287,206,297,235,297,255,288,262,267,268,246,273,224,278,200,280,179,280,156,274,138,155,113,174,101,198,96,221,100,238,112,248,114,258,107,269,106,279,109,281,120,246,131,251,145,257,159,263,174,224,190,237,194,250,199,261,195,269,189,175,126,188,122,199,123,209,131,199,131,187,130,248,134,258,128,267,129,272,135,266,136,257,135,197,230,219,221,237,217,247,221,254,219,260,222,260,231,258,241,252,245,244,245,234,243,217,238,204,228,236,226,247,227,253,226,256,229,252,232,246,232,235,230
809285949_6889026b53.jpg,27,108,30,123,34,138,40,152,48,165,58,176,69,185,81,195,97,196,115,192,133,183,151,172,165,157,173,138,175,118,174,95,170,74,26,95,30,88,39,86,50,86,60,90,75,87,88,77,103,71,121,68,137,73,71,99,71,111,72,123,72,136,65,142,72,145,80,146,89,142,98,137,39,107,44,103,52,101,62,104,54,107,46,109,97,97,103,91,112,89,122,90,114,95,105,96,67,160,70,156,77,154,85,155,92,151,105,150,119,150,108,160,97,167,89,169,81,169,73,166,71,160,78,159,86,159,94,157,115,151,94,157,87,159,79,159
92053278_be61a225d2.jpg,145,83,143,112,143,140,148,167,158,193,174,215,193,235,212,257,235,265,261,264,290,255,319,243,343,222,358,195,364,163,368,129,370,96,157,59,167,47,183,43,200,45,217,52,264,54,283,47,303,47,322,54,338,66,236,79,234,98,230,117,227,136,213,148,222,152,231,156,243,153,254,151,174,83,186,72,200,73,214,87,199,89,184,89,274,90,286,77,302,77,315,89,302,94,287,93,198,177,212,172,224,172,235,174,247,173,266,176,289,182,266,197,247,202,234,202,223,199,210,192,204,178,224,176,235,179,247,179,282,182,247,192,235,192,224,189
96063776_bdb3617b64.jpg,162,177,165,198,170,219,175,240,182,260,195,278,212,291,233,300,257,303,278,296,296,283,310,265,317,245,321,223,323,201,325,179,324,156,178,160,188,147,204,140,222,140,238,145,264,140,277,132,292,129,307,132,316,144,252,160,253,172,254,184,255,197,238,213,247,214,255,215,264,213,271,210,198,166,209,158,220,157,230,166,220,169,209,169,272,161,281,151,292,149,301,155,294,160,283,162,222,244,232,235,246,232,256,233,265,230,277,232,287,240,278,256,266,263,256,265,245,265,232,258,227,243,246,236,256,237,265,235,282,240,265,255,255,257,245,256
97308305_4b737d0873.jpg,137,157,139,190,142,223,149,255,164,283,182,305,205,322,233,332,264,333,289,326,304,310,315,289,324,266,334,242,342,215,348,188,350,160,173,135,189,119,210,113,233,115,253,125,287,123,303,115,321,113,338,118,347,132,272,140,274,161,275,183,277,205,244,213,258,217,272,221,284,218,295,214,196,145,208,139,221,139,233,147,221,148,208,148,297,147,310,140,322,140,331,146,322,149,310,148,220,255,241,248,259,246,270,248,281,246,294,249,305,256,292,271,279,276,267,277,255,275,238,270,226,255,258,253,270,255,281,254,298,257,279,261,268,262,256,261
britney-bald.jpg,52,134,54,149,56,164,60,179,65,193,73,207,81,219,92,228,106,232,121,230,136,222,150,212,160,198,167,183,171,166,174,149,174,131,54,127,61,122,71,122,81,124,90,128,115,129,125,125,137,122,148,122,159,127,102,138,102,149,102,160,101,171,92,176,97,179,103,180,109,178,115,176,66,137,73,133,81,133,89,139,80,141,72,141,122,140,130,133,139,133,146,138,139,142,130,142,83,191,91,190,99,188,104,189,110,188,120,190,130,192,120,203,110,207,104,208,98,207,91,202,87,193,98,192,104,193,110,193,126,193,110,199,104,200,98,198
deeny.peggy.jpg,39,95,40,106,41,116,44,126,49,136,54,145,60,152,66,159,75,161,84,158,95,153,106,146,115,137,121,126,124,113,125,98,126,84,38,91,40,86,46,84,52,84,59,85,68,83,76,80,85,78,94,79,103,83,63,94,63,103,62,111,62,119,58,124,61,125,66,126,70,124,75,122,44,95,48,92,54,92,58,96,54,99,48,99,78,94,82,88,89,87,94,90,90,94,83,95,60,137,61,136,65,134,68,135,71,133,78,133,88,133,80,139,73,141,69,142,66,143,63,141,62,137,65,137,68,137,72,136,85,134,72,137,69,138,66,137
matt-mathes.jpg,85,152,83,173,83,195,85,217,91,238,103,257,117,274,134,287,154,290,176,287,197,276,218,263,235,247,246,227,251,205,253,181,254,157,91,136,98,127,112,125,126,129,140,135,162,134,177,128,193,126,209,126,222,134,148,149,146,162,144,176,143,190,129,199,137,203,147,206,157,202,167,199,103,148,111,142,122,143,131,151,121,151,111,151,177,150,186,143,196,143,205,148,197,151,186,151,116,224,127,221,140,221,149,223,160,220,177,220,195,224,179,238,163,244,152,245,141,244,129,239,120,225,140,225,150,226,160,224,190,225,162,236,151,237,141,235
person-7.jpg,32,65,33,76,34,86,34,97,37,107,41,116,50,122,61,126,72,127,83,126,95,123,107,119,115,111,118,101,120,91,122,80,122,68,39,52,45,46,53,44,61,46,68,49,82,49,90,45,98,44,106,46,112,52,74,57,74,63,74,69,74,75,67,83,70,84,74,85,78,84,82,83,47,61,51,57,58,57,63,61,57,63,51,63,87,62,93,58,98,58,103,61,99,63,93,63,55,98,63,96,70,94,75,95,80,94,86,95,94,99,86,103,79,105,74,105,69,105,62,103,58,99,70,98,74,98,79,98,91,99,79,99,74,99,69,99
person.jpg,78,83,79,93,80,103,81,112,85,121,91,129,98,136,106,142,115,144,125,142,134,137,142,130,149,122,153,113,154,102,155,91,156,79,84,75,87,71,93,70,99,69,104,72,121,71,127,68,134,67,140,68,146,72,113,81,113,88,112,95,112,102,105,105,109,107,113,108,117,106,121,104,91,83,95,81,100,81,105,84,100,84,95,85,123,83,127,80,132,79,137,81,133,83,128,83,96,114,102,112,109,112,114,114,119,112,126,112,134,113,127,122,120,126,114,126,109,126,102,122,99,115,109,115,114,116,119,115,132,114,120,121,114,122,109,121
person_TjahjonoDGondhowiardjo.jpg,41,92,41,103,43,114,44,125,48,134,54,142,61,148,70,152,80,154,90,153,99,149,107,143,113,135,117,126,119,115,121,104,122,93,49,83,54,79,60,78,67,79,73,82,87,81,94,79,101,78,108,80,112,84,80,90,80,96,80,102,80,108,72,115,76,116,80,116,84,116,88,115,57,90,61,87,67,87,71,91,66,92,61,92,91,91,95,88,101,88,105,91,101,93,95,93,66,130,72,127,77,125,81,126,85,125,90,127,96,130,90,132,85,134,81,134,77,133,71,133,68,130,77,130,81,130,85,130,94,130,85,128,81,128,77,128
personalpic.jpg,40,109,40,122,41,135,42,148,44,161,49,174,56,186,64,196,76,199,89,198,103,192,116,183,127,173,135,160,140,145,142,129,144,112,39,103,44,97,53,96,61,98,70,100,84,100,96,97,108,96,118,100,126,107,76,109,75,121,74,132,72,143,63,144,68,148,73,151,80,149,87,146,49,109,54,106,61,106,66,110,60,111,54,111,94,112,100,108,107,109,113,112,107,114,100,114,58,162,63,160,68,160,74,163,80,161,88,163,97,165,87,169,79,171,73,171,67,170,62,167,60,162,68,164,74,166,80,165,94,165,80,165,74,165,68,164
